Molecular Weight,Number of Heavy Atoms,Log P,TPSA,Molar Refractivity,NumHDonors,NumHAcceptors,Number of Rotatable Bonds,FractionCSP3
72.151,60.05499999999999,2.0524,0.0,25.12899999999999,0,0,1,1.0
60.096000000000004,52.032,0.3871,20.23,17.3548,1,1,0,1.0
58.08,52.032,0.5952999999999999,17.07,16.355,0,1,0,0.6666666666666666
